--
-- PostgreSQL database dump
--

-- Dumped from database version 16.9 (Homebrew)
-- Dumped by pg_dump version 16.9 (Homebrew)

SET statement_timeout = 0;
SET lock_timeout = 0;
SET idle_in_transaction_session_timeout = 0;
SET client_encoding = 'UTF8';
SET standard_conforming_strings = on;
SELECT pg_catalog.set_config('search_path', '', false);
SET check_function_bodies = false;
SET xmloption = content;
SET client_min_messages = warning;
SET row_security = off;

SET default_tablespace = '';

SET default_table_access_method = heap;

--
-- Name: auth_group; Type: TABLE; Schema: public; Owner: postgres
--

CREATE TABLE public.auth_group (
    id integer NOT NULL,
    name character varying(150) NOT NULL
);


ALTER TABLE public.auth_group OWNER TO postgres;

--
-- Name: auth_group_id_seq; Type: SEQUENCE; Schema: public; Owner: postgres
--

ALTER TABLE public.auth_group ALTER COLUMN id ADD GENERATED BY DEFAULT AS IDENTITY (
    SEQUENCE NAME public.auth_group_id_seq
    START WITH 1
    INCREMENT BY 1
    NO MINVALUE
    NO MAXVALUE
    CACHE 1
);


--
-- Name: auth_group_permissions; Type: TABLE; Schema: public; Owner: postgres
--

CREATE TABLE public.auth_group_permissions (
    id bigint NOT NULL,
    group_id integer NOT NULL,
    permission_id integer NOT NULL
);


ALTER TABLE public.auth_group_permissions OWNER TO postgres;

--
-- Name: auth_group_permissions_id_seq; Type: SEQUENCE; Schema: public; Owner: postgres
--

ALTER TABLE public.auth_group_permissions ALTER COLUMN id ADD GENERATED BY DEFAULT AS IDENTITY (
    SEQUENCE NAME public.auth_group_permissions_id_seq
    START WITH 1
    INCREMENT BY 1
    NO MINVALUE
    NO MAXVALUE
    CACHE 1
);


--
-- Name: auth_permission; Type: TABLE; Schema: public; Owner: postgres
--

CREATE TABLE public.auth_permission (
    id integer NOT NULL,
    name character varying(255) NOT NULL,
    content_type_id integer NOT NULL,
    codename character varying(100) NOT NULL
);


ALTER TABLE public.auth_permission OWNER TO postgres;

--
-- Name: auth_permission_id_seq; Type: SEQUENCE; Schema: public; Owner: postgres
--

ALTER TABLE public.auth_permission ALTER COLUMN id ADD GENERATED BY DEFAULT AS IDENTITY (
    SEQUENCE NAME public.auth_permission_id_seq
    START WITH 1
    INCREMENT BY 1
    NO MINVALUE
    NO MAXVALUE
    CACHE 1
);


--
-- Name: auth_user; Type: TABLE; Schema: public; Owner: postgres
--

CREATE TABLE public.auth_user (
    id integer NOT NULL,
    password character varying(128) NOT NULL,
    last_login timestamp with time zone,
    is_superuser boolean NOT NULL,
    username character varying(150) NOT NULL,
    first_name character varying(150) NOT NULL,
    last_name character varying(150) NOT NULL,
    email character varying(254) NOT NULL,
    is_staff boolean NOT NULL,
    is_active boolean NOT NULL,
    date_joined timestamp with time zone NOT NULL
);


ALTER TABLE public.auth_user OWNER TO postgres;

--
-- Name: auth_user_groups; Type: TABLE; Schema: public; Owner: postgres
--

CREATE TABLE public.auth_user_groups (
    id bigint NOT NULL,
    user_id integer NOT NULL,
    group_id integer NOT NULL
);


ALTER TABLE public.auth_user_groups OWNER TO postgres;

--
-- Name: auth_user_groups_id_seq; Type: SEQUENCE; Schema: public; Owner: postgres
--

ALTER TABLE public.auth_user_groups ALTER COLUMN id ADD GENERATED BY DEFAULT AS IDENTITY (
    SEQUENCE NAME public.auth_user_groups_id_seq
    START WITH 1
    INCREMENT BY 1
    NO MINVALUE
    NO MAXVALUE
    CACHE 1
);


--
-- Name: auth_user_id_seq; Type: SEQUENCE; Schema: public; Owner: postgres
--

ALTER TABLE public.auth_user ALTER COLUMN id ADD GENERATED BY DEFAULT AS IDENTITY (
    SEQUENCE NAME public.auth_user_id_seq
    START WITH 1
    INCREMENT BY 1
    NO MINVALUE
    NO MAXVALUE
    CACHE 1
);


--
-- Name: auth_user_user_permissions; Type: TABLE; Schema: public; Owner: postgres
--

CREATE TABLE public.auth_user_user_permissions (
    id bigint NOT NULL,
    user_id integer NOT NULL,
    permission_id integer NOT NULL
);


ALTER TABLE public.auth_user_user_permissions OWNER TO postgres;

--
-- Name: auth_user_user_permissions_id_seq; Type: SEQUENCE; Schema: public; Owner: postgres
--

ALTER TABLE public.auth_user_user_permissions ALTER COLUMN id ADD GENERATED BY DEFAULT AS IDENTITY (
    SEQUENCE NAME public.auth_user_user_permissions_id_seq
    START WITH 1
    INCREMENT BY 1
    NO MINVALUE
    NO MAXVALUE
    CACHE 1
);


--
-- Name: django_admin_log; Type: TABLE; Schema: public; Owner: postgres
--

CREATE TABLE public.django_admin_log (
    id integer NOT NULL,
    action_time timestamp with time zone NOT NULL,
    object_id text,
    object_repr character varying(200) NOT NULL,
    action_flag smallint NOT NULL,
    change_message text NOT NULL,
    content_type_id integer,
    user_id integer NOT NULL,
    CONSTRAINT django_admin_log_action_flag_check CHECK ((action_flag >= 0))
);


ALTER TABLE public.django_admin_log OWNER TO postgres;

--
-- Name: django_admin_log_id_seq; Type: SEQUENCE; Schema: public; Owner: postgres
--

ALTER TABLE public.django_admin_log ALTER COLUMN id ADD GENERATED BY DEFAULT AS IDENTITY (
    SEQUENCE NAME public.django_admin_log_id_seq
    START WITH 1
    INCREMENT BY 1
    NO MINVALUE
    NO MAXVALUE
    CACHE 1
);


--
-- Name: django_content_type; Type: TABLE; Schema: public; Owner: postgres
--

CREATE TABLE public.django_content_type (
    id integer NOT NULL,
    app_label character varying(100) NOT NULL,
    model character varying(100) NOT NULL
);


ALTER TABLE public.django_content_type OWNER TO postgres;

--
-- Name: django_content_type_id_seq; Type: SEQUENCE; Schema: public; Owner: postgres
--

ALTER TABLE public.django_content_type ALTER COLUMN id ADD GENERATED BY DEFAULT AS IDENTITY (
    SEQUENCE NAME public.django_content_type_id_seq
    START WITH 1
    INCREMENT BY 1
    NO MINVALUE
    NO MAXVALUE
    CACHE 1
);


--
-- Name: django_migrations; Type: TABLE; Schema: public; Owner: postgres
--

CREATE TABLE public.django_migrations (
    id bigint NOT NULL,
    app character varying(255) NOT NULL,
    name character varying(255) NOT NULL,
    applied timestamp with time zone NOT NULL
);


ALTER TABLE public.django_migrations OWNER TO postgres;

--
-- Name: django_migrations_id_seq; Type: SEQUENCE; Schema: public; Owner: postgres
--

ALTER TABLE public.django_migrations ALTER COLUMN id ADD GENERATED BY DEFAULT AS IDENTITY (
    SEQUENCE NAME public.django_migrations_id_seq
    START WITH 1
    INCREMENT BY 1
    NO MINVALUE
    NO MAXVALUE
    CACHE 1
);


--
-- Name: django_session; Type: TABLE; Schema: public; Owner: postgres
--

CREATE TABLE public.django_session (
    session_key character varying(40) NOT NULL,
    session_data text NOT NULL,
    expire_date timestamp with time zone NOT NULL
);


ALTER TABLE public.django_session OWNER TO postgres;

--
-- Name: store_cart; Type: TABLE; Schema: public; Owner: postgres
--

CREATE TABLE public.store_cart (
    id bigint NOT NULL,
    session_key character varying(32),
    user_id integer
);


ALTER TABLE public.store_cart OWNER TO postgres;

--
-- Name: store_cart_id_seq; Type: SEQUENCE; Schema: public; Owner: postgres
--

ALTER TABLE public.store_cart ALTER COLUMN id ADD GENERATED BY DEFAULT AS IDENTITY (
    SEQUENCE NAME public.store_cart_id_seq
    START WITH 1
    INCREMENT BY 1
    NO MINVALUE
    NO MAXVALUE
    CACHE 1
);


--
-- Name: store_cartitem; Type: TABLE; Schema: public; Owner: postgres
--

CREATE TABLE public.store_cartitem (
    id bigint NOT NULL,
    quantity integer NOT NULL,
    cart_id bigint NOT NULL,
    product_id bigint NOT NULL,
    CONSTRAINT store_cartitem_quantity_check CHECK ((quantity >= 0))
);


ALTER TABLE public.store_cartitem OWNER TO postgres;

--
-- Name: store_cartitem_id_seq; Type: SEQUENCE; Schema: public; Owner: postgres
--

ALTER TABLE public.store_cartitem ALTER COLUMN id ADD GENERATED BY DEFAULT AS IDENTITY (
    SEQUENCE NAME public.store_cartitem_id_seq
    START WITH 1
    INCREMENT BY 1
    NO MINVALUE
    NO MAXVALUE
    CACHE 1
);


--
-- Name: store_category; Type: TABLE; Schema: public; Owner: postgres
--

CREATE TABLE public.store_category (
    id bigint NOT NULL,
    name character varying(100) NOT NULL,
    description text NOT NULL
);


ALTER TABLE public.store_category OWNER TO postgres;

--
-- Name: store_category_id_seq; Type: SEQUENCE; Schema: public; Owner: postgres
--

ALTER TABLE public.store_category ALTER COLUMN id ADD GENERATED BY DEFAULT AS IDENTITY (
    SEQUENCE NAME public.store_category_id_seq
    START WITH 1
    INCREMENT BY 1
    NO MINVALUE
    NO MAXVALUE
    CACHE 1
);


--
-- Name: store_order; Type: TABLE; Schema: public; Owner: postgres
--

CREATE TABLE public.store_order (
    id bigint NOT NULL,
    recipient_name character varying(100) NOT NULL,
    address text NOT NULL,
    phone_number character varying(15) NOT NULL,
    email character varying(254),
    created_at timestamp with time zone NOT NULL,
    user_id integer,
    order_type character varying(10) DEFAULT 'delivery'::character varying,
    branch character varying(100)
);


ALTER TABLE public.store_order OWNER TO postgres;

--
-- Name: store_order_id_seq; Type: SEQUENCE; Schema: public; Owner: postgres
--

ALTER TABLE public.store_order ALTER COLUMN id ADD GENERATED BY DEFAULT AS IDENTITY (
    SEQUENCE NAME public.store_order_id_seq
    START WITH 1
    INCREMENT BY 1
    NO MINVALUE
    NO MAXVALUE
    CACHE 1
);


--
-- Name: store_orderitem; Type: TABLE; Schema: public; Owner: postgres
--

CREATE TABLE public.store_orderitem (
    id bigint NOT NULL,
    quantity integer NOT NULL,
    order_id bigint NOT NULL,
    product_id bigint NOT NULL,
    CONSTRAINT store_orderitem_quantity_check CHECK ((quantity >= 0))
);


ALTER TABLE public.store_orderitem OWNER TO postgres;

--
-- Name: store_orderitem_id_seq; Type: SEQUENCE; Schema: public; Owner: postgres
--

ALTER TABLE public.store_orderitem ALTER COLUMN id ADD GENERATED BY DEFAULT AS IDENTITY (
    SEQUENCE NAME public.store_orderitem_id_seq
    START WITH 1
    INCREMENT BY 1
    NO MINVALUE
    NO MAXVALUE
    CACHE 1
);


--
-- Name: store_payment; Type: TABLE; Schema: public; Owner: postgres
--

CREATE TABLE public.store_payment (
    id bigint NOT NULL,
    amount numeric(10,2) NOT NULL,
    status character varying(20) NOT NULL,
    created_at timestamp with time zone NOT NULL,
    user_id integer NOT NULL
);


ALTER TABLE public.store_payment OWNER TO postgres;

--
-- Name: store_payment_id_seq; Type: SEQUENCE; Schema: public; Owner: postgres
--

ALTER TABLE public.store_payment ALTER COLUMN id ADD GENERATED BY DEFAULT AS IDENTITY (
    SEQUENCE NAME public.store_payment_id_seq
    START WITH 1
    INCREMENT BY 1
    NO MINVALUE
    NO MAXVALUE
    CACHE 1
);


--
-- Name: store_product; Type: TABLE; Schema: public; Owner: postgres
--

CREATE TABLE public.store_product (
    id bigint NOT NULL,
    name character varying(200) NOT NULL,
    price numeric(10,2) NOT NULL,
    photo character varying(100),
    stock integer NOT NULL,
    description text NOT NULL,
    created_at timestamp with time zone NOT NULL,
    is_available boolean NOT NULL,
    category_id bigint NOT NULL,
    CONSTRAINT store_product_stock_check CHECK ((stock >= 0))
);


ALTER TABLE public.store_product OWNER TO postgres;

--
-- Name: store_product_id_seq; Type: SEQUENCE; Schema: public; Owner: postgres
--

ALTER TABLE public.store_product ALTER COLUMN id ADD GENERATED BY DEFAULT AS IDENTITY (
    SEQUENCE NAME public.store_product_id_seq
    START WITH 1
    INCREMENT BY 1
    NO MINVALUE
    NO MAXVALUE
    CACHE 1
);


--
-- Name: store_product_images; Type: TABLE; Schema: public; Owner: postgres
--

CREATE TABLE public.store_product_images (
    id bigint NOT NULL,
    product_id bigint NOT NULL,
    productimage_id bigint NOT NULL
);


ALTER TABLE public.store_product_images OWNER TO postgres;

--
-- Name: store_product_images_id_seq; Type: SEQUENCE; Schema: public; Owner: postgres
--

ALTER TABLE public.store_product_images ALTER COLUMN id ADD GENERATED BY DEFAULT AS IDENTITY (
    SEQUENCE NAME public.store_product_images_id_seq
    START WITH 1
    INCREMENT BY 1
    NO MINVALUE
    NO MAXVALUE
    CACHE 1
);


--
-- Name: store_productimage; Type: TABLE; Schema: public; Owner: postgres
--

CREATE TABLE public.store_productimage (
    id bigint NOT NULL,
    image character varying(100) NOT NULL,
    product_id bigint NOT NULL
);


ALTER TABLE public.store_productimage OWNER TO postgres;

--
-- Name: store_productimage_id_seq; Type: SEQUENCE; Schema: public; Owner: postgres
--

ALTER TABLE public.store_productimage ALTER COLUMN id ADD GENERATED BY DEFAULT AS IDENTITY (
    SEQUENCE NAME public.store_productimage_id_seq
    START WITH 1
    INCREMENT BY 1
    NO MINVALUE
    NO MAXVALUE
    CACHE 1
);


--
-- Data for Name: auth_group; Type: TABLE DATA; Schema: public; Owner: postgres
--

COPY public.auth_group (id, name) FROM stdin;
\.


--
-- Data for Name: auth_group_permissions; Type: TABLE DATA; Schema: public; Owner: postgres
--

COPY public.auth_group_permissions (id, group_id, permission_id) FROM stdin;
\.


--
-- Data for Name: auth_permission; Type: TABLE DATA; Schema: public; Owner: postgres
--

COPY public.auth_permission (id, name, content_type_id, codename) FROM stdin;
1	Can add log entry	1	add_logentry
2	Can change log entry	1	change_logentry
3	Can delete log entry	1	delete_logentry
4	Can view log entry	1	view_logentry
5	Can add permission	2	add_permission
6	Can change permission	2	change_permission
7	Can delete permission	2	delete_permission
8	Can view permission	2	view_permission
9	Can add group	3	add_group
10	Can change group	3	change_group
11	Can delete group	3	delete_group
12	Can view group	3	view_group
13	Can add user	4	add_user
14	Can change user	4	change_user
15	Can delete user	4	delete_user
16	Can view user	4	view_user
17	Can add content type	5	add_contenttype
18	Can change content type	5	change_contenttype
19	Can delete content type	5	delete_contenttype
20	Can view content type	5	view_contenttype
21	Can add session	6	add_session
22	Can change session	6	change_session
23	Can delete session	6	delete_session
24	Can view session	6	view_session
25	Can add category	7	add_category
26	Can change category	7	change_category
27	Can delete category	7	delete_category
28	Can view category	7	view_category
29	Can add cart	8	add_cart
30	Can change cart	8	change_cart
31	Can delete cart	8	delete_cart
32	Can view cart	8	view_cart
33	Can add order	9	add_order
34	Can change order	9	change_order
35	Can delete order	9	delete_order
36	Can view order	9	view_order
37	Can add payment	10	add_payment
38	Can change payment	10	change_payment
39	Can delete payment	10	delete_payment
40	Can view payment	10	view_payment
41	Can add product	11	add_product
42	Can change product	11	change_product
43	Can delete product	11	delete_product
44	Can view product	11	view_product
45	Can add order item	12	add_orderitem
46	Can change order item	12	change_orderitem
47	Can delete order item	12	delete_orderitem
48	Can view order item	12	view_orderitem
49	Can add cart item	13	add_cartitem
50	Can change cart item	13	change_cartitem
51	Can delete cart item	13	delete_cartitem
52	Can view cart item	13	view_cartitem
53	Can add product image	14	add_productimage
54	Can change product image	14	change_productimage
55	Can delete product image	14	delete_productimage
56	Can view product image	14	view_productimage
\.


--
-- Data for Name: auth_user; Type: TABLE DATA; Schema: public; Owner: postgres
--

COPY public.auth_user (id, password, last_login, is_superuser, username, first_name, last_name, email, is_staff, is_active, date_joined) FROM stdin;
2	pbkdf2_sha256$1000000$3RpTl5sI2dSwd8hMS3ELiA$Mq5Hp+EcHcSSCOo3OEVjOIEtzVaCyh1DiPcY36JoTno=	2026-01-12 21:26:23.884047+01	f	jamal			djamazar23@gmail.com	f	t	2026-01-12 21:26:23.683619+01
1	pbkdf2_sha256$1200000$ukl0oQRQTMQEFOLa3E589x$BMa8MEqBgLY82piaVJQXhvS4AcbcYRmUh9x0dM6zASk=	2026-02-23 15:46:49.145586+01	t	texas			texas.n1@gmail.com	t	t	2026-01-08 12:37:49.90385+01
\.


--
-- Data for Name: auth_user_groups; Type: TABLE DATA; Schema: public; Owner: postgres
--

COPY public.auth_user_groups (id, user_id, group_id) FROM stdin;
\.


--
-- Data for Name: auth_user_user_permissions; Type: TABLE DATA; Schema: public; Owner: postgres
--

COPY public.auth_user_user_permissions (id, user_id, permission_id) FROM stdin;
\.


--
-- Data for Name: django_admin_log; Type: TABLE DATA; Schema: public; Owner: postgres
--

COPY public.django_admin_log (id, action_time, object_id, object_repr, action_flag, change_message, content_type_id, user_id) FROM stdin;
1	2026-01-12 22:17:54.547317+01	10	Fire🔥 menu, 	2	[{"changed": {"fields": ["Name"]}}]	7	1
2	2026-01-12 22:18:02.314758+01	9	Shashlik, 	2	[{"changed": {"fields": ["Name"]}}]	7	1
3	2026-01-12 22:18:11.417681+01	8	Desertlar, 	2	[{"changed": {"fields": ["Name"]}}]	7	1
4	2026-01-12 22:18:17.414286+01	9	Shashliklar, 	2	[{"changed": {"fields": ["Name"]}}]	7	1
5	2026-01-12 22:18:40.184656+01	7	Kokteyllar, 	2	[{"changed": {"fields": ["Name"]}}]	7	1
6	2026-01-12 22:18:49.397723+01	6	Burgerlar, 	2	[{"changed": {"fields": ["Name"]}}]	7	1
7	2026-01-12 22:18:57.395557+01	5	Ichimliklar, 	2	[{"changed": {"fields": ["Name"]}}]	7	1
8	2026-01-12 22:25:13.362664+01	42	www, 2200 (Доступен)	1	[{"added": {}}]	11	1
9	2026-01-12 22:26:14.296608+01	42	www, 4500 (Доступен)	2	[{"changed": {"fields": ["Price"]}}]	11	1
10	2026-01-12 22:28:19.975307+01	42	www, 4500.00 (Доступен)	3		11	1
11	2026-01-12 22:28:34.55905+01	41	Shaurma Beef, 4500 (Нет в наличии)	2	[{"changed": {"fields": ["Price"]}}]	11	1
12	2026-01-12 22:28:49.993329+01	40	Shautma Suluguni, 3500 (Доступен)	2	[{"changed": {"fields": ["Price"]}}]	11	1
13	2026-01-12 22:29:03.211822+01	39	shaurma Dietichni, 2500 (Доступен)	2	[{"changed": {"fields": ["Price"]}}]	11	1
14	2026-01-12 22:29:20.44083+01	38	Shaurma chicken, 4000 (Нет в наличии)	2	[{"changed": {"fields": ["Price"]}}]	11	1
15	2026-01-14 19:32:20.884567+01	43	hhh, 7700 (Доступен)	1	[{"added": {}}]	11	1
16	2026-02-20 00:15:33.70472+01	18	Burger Hot, 25000 (Доступен)	2	[{"changed": {"fields": ["Price"]}}]	11	1
\.


--
-- Data for Name: django_content_type; Type: TABLE DATA; Schema: public; Owner: postgres
--

COPY public.django_content_type (id, app_label, model) FROM stdin;
1	admin	logentry
2	auth	permission
3	auth	group
4	auth	user
5	contenttypes	contenttype
6	sessions	session
7	store	category
8	store	cart
9	store	order
10	store	payment
11	store	product
12	store	orderitem
13	store	cartitem
14	store	productimage
\.


--
-- Data for Name: django_migrations; Type: TABLE DATA; Schema: public; Owner: postgres
--

COPY public.django_migrations (id, app, name, applied) FROM stdin;
1	contenttypes	0001_initial	2026-01-08 12:36:35.433162+01
2	auth	0001_initial	2026-01-08 12:36:35.46076+01
3	admin	0001_initial	2026-01-08 12:36:35.467734+01
4	admin	0002_logentry_remove_auto_add	2026-01-08 12:36:35.469674+01
5	admin	0003_logentry_add_action_flag_choices	2026-01-08 12:36:35.471933+01
6	contenttypes	0002_remove_content_type_name	2026-01-08 12:36:35.476351+01
7	auth	0002_alter_permission_name_max_length	2026-01-08 12:36:35.478378+01
8	auth	0003_alter_user_email_max_length	2026-01-08 12:36:35.480487+01
9	auth	0004_alter_user_username_opts	2026-01-08 12:36:35.482399+01
10	auth	0005_alter_user_last_login_null	2026-01-08 12:36:35.484596+01
11	auth	0006_require_contenttypes_0002	2026-01-08 12:36:35.484916+01
12	auth	0007_alter_validators_add_error_messages	2026-01-08 12:36:35.48665+01
13	auth	0008_alter_user_username_max_length	2026-01-08 12:36:35.49368+01
14	auth	0009_alter_user_last_name_max_length	2026-01-08 12:36:35.495539+01
15	auth	0010_alter_group_name_max_length	2026-01-08 12:36:35.498137+01
16	auth	0011_update_proxy_permissions	2026-01-08 12:36:35.499743+01
17	auth	0012_alter_user_first_name_max_length	2026-01-08 12:36:35.501884+01
18	sessions	0001_initial	2026-01-08 12:36:35.507155+01
\.


--
-- Data for Name: django_session; Type: TABLE DATA; Schema: public; Owner: postgres
--

COPY public.django_session (session_key, session_data, expire_date) FROM stdin;
lyzz4gk5o11u2wz8715i32uih7urhw76	e30:1vdpzg:tML91SjjNwf36175JPOiM75AvMmaWIxrDpYSi0ex0AY	2026-01-22 14:24:04.300267+01
hw2ov467ztgr9rgy2054afucwxl1jzp1	e30:1vdq6D:Zlc1RAq9TebpeNm6ayV7Cx3_DfZk40-j2odJ8aQEVks	2026-01-22 14:30:49.41252+01
gjypl83juzosdn90ckrh759tu86zjs1f	.eJxVjDsOwjAQBe_iGln-xM4uJT1nsHb9wQHkSHFSIe4OkVJA-2bmvUSgba1h63kJUxJnYcTpd2OKj9x2kO7UbrOMc1uXieWuyIN2eZ1Tfl4O9--gUq_fulDK4O2IfqRMA3sohlDbiDz4CIC-WI1sFRpWVBSzceTIO63BgAbx_gDtfDd9:1vfOUZ:t9-CKOvxOyt5cORbN_NtxnOf18XAbUINpHPma4XcibM	2026-01-26 21:26:23.887604+01
5uxxmnw0prhoi27piuckzn9mkm3loihh	.eJxVjEEOwiAQRe_C2hCmQBGX7j0DGWBGqgaS0q6Md7dNutDtf-_9twi4LiWsneYwZXERIE6_W8T0pLqD_MB6bzK1usxTlLsiD9rlrWV6XQ_376BgL1uttPfeRmfGTCplRaTIjs4gAcVBaQYgZu0AM585ogejkks8aDJ288XnC-1COIY:1vfPZZ:K7R8DGZUf6JcwLKh4q1yBPJmnKUYFttoKnyvFRlNEz4	2026-01-26 22:35:37.920575+01
mb5ctc9pc6iwcg38zg80hzv4qmy83qmh	.eJxVjDsOwjAQBe_iGllaf2NKes5grb1rHEC2FCcV4u4QKQW0b2beS0Tc1hq3wUucSZwFiNPvljA_uO2A7thuXebe1mVOclfkQYe8duLn5XD_DiqO-q3RKgOJADhnjRaL8honZC6WvXJFk_IKTChO22BdImUCl0xlShYcsHh_APh_OGM:1vg5eb:m8SXdXQuyZUm8xo5ZRohdfRDWrRTEnW6sKUWPV5r4Rk	2026-01-28 19:31:37.01234+01
rw1bhiinjg5lje2q5vzk6gf1083xl9zu	e30:1vq8N5:2jNX-BKRINV7_KdK0Mr9s_oaBUXxh-UL5Kn9YvQJnDk	2026-02-25 12:27:03.249007+01
p7nidkyqjd5a9w5zm909d8ux79n9c0cm	.eJxVjDsOwjAQBe_iGllaf2NKes5grb1rHEC2FCcV4u4QKQW0b2beS0Tc1hq3wUucSZwFiNPvljA_uO2A7thuXebe1mVOclfkQYe8duLn5XD_DiqO-q3RKgOJADhnjRaL8honZC6WvXJFk_IKTChO22BdImUCl0xlShYcsHh_APh_OGM:1vs5g7:l9XF6GX6pz6GU3PTLZgSiKDNmpugldY4hvYEqefBtA0	2026-03-02 21:58:47.381518+01
3tswop78u8k3zgi5nh1wydcu0q1gnkh0	e30:1vs6gL:xJWlT-eV4sc0gTxLdlK8bG0Z9qc2gwGvS4aOKn53uVE	2026-03-02 23:03:05.600237+01
harrigr51w3dce77xer1w9h04d3vpgc4	e30:1vtBgW:LNmfC4Py-pgnapUegDMipysex2O4q89VqtBZCjhB5NI	2026-02-19 23:35:44.102812+01
c7mayacy30xjpdc7thom1aw09t8y4uuo	e30:1vtCfa:9hC9eGr5pANVDudWLdQ7dutfNvtOXQSlh_mpMHW5v6A	2026-02-20 00:38:50.717949+01
rndcvrbnoik3xgbzn9xv1j4sqqq2z8ip	.eJxVjDsOwjAQBe_iGllaf2NKes5grb1rHEC2FCcV4u4QKQW0b2beS0Tc1hq3wUucSZwFiNPvljA_uO2A7thuXebe1mVOclfkQYe8duLn5XD_DiqO-q3RKgOJADhnjRaL8honZC6WvXJFk_IKTChO22BdImUCl0xlShYcsHh_APh_OGM:1vtDEc:t3KodFr1Q2WTHGKyCNKgpRJffJuxYI4Vpgc7DN8tMxk	2026-02-20 01:15:02.47783+01
4ix9cim6zjua7jba3wqg21a38w0j6e3e	e30:1vtQOC:aw0pDYvnSM_FR3MtJr6DT9oerupmazJhKOyD_3eybWc	2026-02-20 15:17:48.403635+01
orfokmy5m2levgu0a8j5y3cowftl139x	e30:1vtRLQ:AEiXrqqft5W7k_0FJReAuqS_Nhw6qVfSg4sQbtIoo2k	2026-02-20 16:19:00.745504+01
c3cic1dbxao3i8vmyh0rkqvjkprauyao	.eJxVjDsOwjAQBe_iGllaf2NKes5grb1rHEC2FCcV4u4QKQW0b2beS0Tc1hq3wUucSZwFiNPvljA_uO2A7thuXebe1mVOclfkQYe8duLn5XD_DiqO-q3RKgOJADhnjRaL8honZC6WvXJFk_IKTChO22BdImUCl0xlShYcsHh_APh_OGM:1vtRbv:mdgrUlhuA5WpdA0YvQOe2z5RNjoCZMt5EHaswctaSFA	2026-02-20 16:36:03.363718+01
wkp5f2phl3hblzogfz7jv7a9p68vpyx8	e30:1vtnGs:E_wsRv8QtEokZeZ3iJpG_KEuWTuHSFNBJw3gYFUAZ14	2026-02-21 15:43:46.81535+01
hkk4hkihqx1j83bchhrwl3w7m1evh717	e30:1vtpJo:JFRplNRg3bv7erf7_uFeFg_TFKdqnTcIFYFYmif-oMs	2026-02-21 17:54:56.842648+01
zi7u4nf1ut19scnfpkdrbsu8109jxi1m	.eJxVjDsOwjAQBe_iGllaf2NKes5grb1rHEC2FCcV4u4QKQW0b2beS0Tc1hq3wUucSZwFiNPvljA_uO2A7thuXebe1mVOclfkQYe8duLn5XD_DiqO-q3RKgOJADhnjRaL8honZC6WvXJFk_IKTChO22BdImUCl0xlShYcsHh_APh_OGM:1vuXCz:dweJt3f8tJDMS58UZxvUHHGKaMOHOfwsiCRYmIEGYgI	2026-02-23 16:46:49.14695+01
\.


--
-- Data for Name: store_cart; Type: TABLE DATA; Schema: public; Owner: postgres
--

COPY public.store_cart (id, session_key, user_id) FROM stdin;
2	lyzz4gk5o11u2wz8715i32uih7urhw76	\N
3	hw2ov467ztgr9rgy2054afucwxl1jzp1	\N
4	\N	2
8	5pqcicgi9j57u04b9xo2lgkf3wjecrye	\N
14	9hofhl0trelblqi1yqvou5ipvybo85ls	\N
25	rw1bhiinjg5lje2q5vzk6gf1083xl9zu	\N
36	3tswop78u8k3zgi5nh1wydcu0q1gnkh0	\N
52	yhhhns5jcbohzyzntjbzr46ngs094nqn	\N
55	harrigr51w3dce77xer1w9h04d3vpgc4	\N
56	c7mayacy30xjpdc7thom1aw09t8y4uuo	\N
61	wkp5f2phl3hblzogfz7jv7a9p68vpyx8	\N
62	hkk4hkihqx1j83bchhrwl3w7m1evh717	\N
64	\N	1
\.


--
-- Data for Name: store_cartitem; Type: TABLE DATA; Schema: public; Owner: postgres
--

COPY public.store_cartitem (id, quantity, cart_id, product_id) FROM stdin;
1	1	2	19
3	1	3	18
2	2	3	19
4	1	4	19
9	1	8	39
10	1	8	16
11	1	8	18
12	1	8	40
120	1	61	40
121	5	61	23
123	5	64	31
20	1	14	18
33	1	25	40
34	4	25	43
32	9	25	18
105	1	52	18
68	1	36	18
69	1	36	21
70	1	36	31
71	1	36	32
111	1	55	18
113	1	52	28
115	1	56	25
\.


--
-- Data for Name: store_category; Type: TABLE DATA; Schema: public; Owner: postgres
--

COPY public.store_category (id, name, description) FROM stdin;
10	Fire🔥 menu	
8	Desertlar	
9	Shashliklar	
7	Kokteyllar	
6	Burgerlar	
5	Ichimliklar	
\.


--
-- Data for Name: store_order; Type: TABLE DATA; Schema: public; Owner: postgres
--

COPY public.store_order (id, recipient_name, address, phone_number, email, created_at, user_id, order_type, branch) FROM stdin;
1	ddd	ssdsds	+420728802633 	guest@example.com	2026-01-12 21:59:18.122632+01	\N	delivery	\N
2	ddd	Cakovicka	+420728802633 	guest@example.com	2026-01-12 22:00:13.600715+01	\N	delivery	\N
3	s	ds	+420728802633 	guest@example.com	2026-01-12 22:09:54.884386+01	\N	delivery	\N
4	Jamoladdin 	hhdhdhhd	jjkjxjkd	guest@example.com	2026-01-12 22:35:03.190754+01	\N	delivery	\N
5	hh	uu	+420728802633 	texas.n1@gmail.com	2026-01-12 22:44:37.394273+01	1	delivery	\N
6	sdfsd	dssdc	333	guest@example.com	2026-01-14 15:59:06.2296+01	\N	delivery	\N
7	sdfsd	dssdc	333	texas.n1@gmail.com	2026-01-14 19:34:11.514726+01	1	delivery	\N
8	sdfsd	dssdc	333	texas.n1@gmail.com	2026-01-14 19:35:07.843955+01	1	delivery	\N
9	sdfsd	dssdc	333	texas.n1@gmail.com	2026-01-14 19:41:30.340736+01	1	delivery	\N
10	sdfsd	dssdc	333	guest@example.com	2026-02-11 14:49:44.41904+01	\N	delivery	\N
11	jamam	dssdc	333	guest@example.com	2026-02-11 14:50:17.225125+01	\N	delivery	\N
12	sdcsd	sdsdcvdv	3e32r23	guest@example.com	2026-02-11 15:45:04.309341+01	\N	delivery	\N
14	sdcsd	sdsdcvdv	3e32r23	guest@example.com	2026-02-11 15:51:16.214568+01	\N	delivery	\N
13	sdcsd	sdsdcvdv	3e32r23	guest@example.com	2026-02-11 15:51:16.214244+01	\N	delivery	\N
15	Jamoladdin 	sdsdcvdv	3e32r23	guest@example.com	2026-02-11 15:52:45.506964+01	\N	delivery	\N
16	Jamoladdin 	sdsdcvdv	3e32r23	guest@example.com	2026-02-11 15:52:45.507303+01	\N	delivery	\N
17	jajaj	dssdc	324234342343	guest@example.com	2026-02-11 15:59:14.382185+01	\N	delivery	\N
18	ddsfsd	sdfsdfsd	dfsdfd	guest@example.com	2026-02-11 16:26:31.838185+01	\N	delivery	\N
19	sdfsd	sdfsdfdf	333	guest@example.com	2026-02-11 17:18:11.214203+01	\N	delivery	\N
20	sdfsd	dssdc	324234342343	guest@example.com	2026-02-11 18:38:50.856851+01	\N	delivery	\N
21	Jamoladdin 	ur23 	+420728802633 	guest@example.com	2026-02-11 18:46:14.733572+01	\N	delivery	\N
22	jjj	kfkldjfk@mail.uz	32423423	guest@example.com	2026-02-12 19:50:59.492476+01	\N	delivery	\N
23	jjj	kfkldjfk	32423423	guest@example.com	2026-02-12 19:53:09.477322+01	\N	delivery	\N
24	dsfsd	kfkldjfk@mail.uz	32423423	guest@example.com	2026-02-13 16:59:38.05478+01	\N	delivery	\N
25	dsfsd	Zaripov 	32423423	guest@example.com	2026-02-13 17:00:19.964041+01	\N	delivery	\N
26	Jamoladdin 	С. Мизайло- олександрівка Вул Нова Д 3	qeqweqw	guest@example.com	2026-02-16 21:58:11.281026+01	\N	delivery	\N
27	jamam	Matejkova 13	+420728802633	texas.n1@gmail.com	2026-02-16 21:59:21.570644+01	1	delivery	\N
28	hhshhssh	jndnsjdn	kdkxkdk	guest@example.com	2026-02-16 23:03:25.44685+01	\N	delivery	\N
29	jdjxjjd	jjdnxj	jjdjxjxnd	guest@example.com	2026-02-16 23:05:00.470595+01	\N	delivery	\N
30	Jamoladdin 	Matejkova 13	+420728802633	texas.n1@gmail.com	2026-02-17 23:55:24.356439+01	1	delivery	\N
31	kdkkdd	25 4-microdistrict 67	dldsldjf	texas.n1@gmail.com	2026-02-17 23:56:03.518976+01	1	delivery	\N
32	jjj	kfkldjfk@mail.uz	32423423	guest@example.com	2026-02-18 00:01:13.170807+01	\N	delivery	\N
33	jjj	kfkldjfk@mail.uz	32423423	guest@example.com	2026-02-18 22:03:55.23091+01	\N	delivery	\N
34	jjj	kfkldjfk@mail.uz	32423423	guest@example.com	2026-02-18 22:19:44.815502+01	\N	delivery	\N
35	jjj	kfkldjfk@mail.uz	32423423	guest@example.com	2026-02-18 22:20:04.224804+01	\N	delivery	\N
36	jjj	kfkldjfk@mail.uz	32423423	guest@example.com	2026-02-19 20:52:24.804445+01	\N	\N	\N
37	jjj	kfkldjfk@mail.uz	32423423	guest@example.com	2026-02-19 20:53:11.447058+01	\N	\N	\N
38	jjj	kfkldjfk@mail.uz	32423423	guest@example.com	2026-02-19 20:55:42.951236+01	\N	\N	\N
39	dsfsd	Zaripov 	32423423	guest@example.com	2026-02-19 20:56:09.279895+01	\N	\N	\N
40	jjj	kfkldjfk@mail.uz	32423423	guest@example.com	2026-02-19 21:12:58.644521+01	\N	delivery	\N
41	jjj	kfkldjfk@mail.uz	32423423	guest@example.com	2026-02-19 21:16:33.636076+01	\N	delivery	\N
42	fsdfdf	fsfsddfd	dsfsdfsddf	guest@example.com	2026-02-19 21:17:09.184699+01	\N	delivery	\N
43	jjj	kfkldjfk@mail.uz	32423423	guest@example.com	2026-02-19 21:20:06.046174+01	\N	delivery	\N
44	jjj	kfkldjfk@mail.uz	32423423	guest@example.com	2026-02-19 21:32:37.963569+01	\N	delivery	\N
45	ff	dd	rr	guest@example.com	2026-02-19 22:39:02.176373+01	\N	delivery	\N
46	овол	лслочо	лалвлвл	guest@example.com	2026-02-19 23:12:38.55026+01	\N	delivery	\N
47	лвл	дабь	ббаба	guest@example.com	2026-02-19 23:23:08.623145+01	\N	delivery	\N
48	jjj	kfkldjfk@mail.uz	32423423	texas.n1@gmail.com	2026-02-20 00:20:10.2693+01	1	delivery	\N
49	Jamoladdin 	Matejkova	+420728802633	guest@example.com	2026-02-20 14:17:59.873413+01	\N	delivery	\N
50	нн	ро	ог	guest@example.com	2026-02-20 15:19:12.450241+01	\N	delivery	\N
51	kdkkdd	С. Мизайло- олександрівка Вул Нова Д 3	dldsldjf	guest@example.com	2026-02-20 15:35:12.097345+01	\N	delivery	\N
52	Vikk	4 DAXA	qeqweqw	texas.n1@gmail.com	2026-02-20 15:36:30.37408+01	1	delivery	\N
53	Jamoladdin Zaripov	Matějkova 2443/13	+420728802633	guest@example.com	2026-02-23 15:44:56.257456+01	\N	delivery	\N
\.


--
-- Data for Name: store_orderitem; Type: TABLE DATA; Schema: public; Owner: postgres
--

COPY public.store_orderitem (id, quantity, order_id, product_id) FROM stdin;
1	1	1	19
2	1	1	18
3	2	2	18
4	1	3	18
5	1	4	21
6	2	4	28
7	1	5	39
8	1	6	18
9	1	7	40
10	1	8	18
11	1	9	24
12	1	10	18
13	1	10	40
14	1	11	19
15	1	12	19
16	1	14	18
17	1	13	18
18	1	16	18
19	1	15	18
20	1	17	18
21	1	18	18
22	1	19	18
23	1	20	18
24	2	21	18
25	1	22	19
26	1	23	18
27	1	24	18
28	1	25	18
29	1	25	25
30	1	26	25
31	1	27	19
32	1	28	34
33	1	28	39
34	1	29	24
35	1	29	35
36	2	29	27
37	1	29	34
38	1	30	43
39	1	30	18
40	1	30	23
41	1	30	20
42	1	30	40
43	2	30	36
44	2	30	35
45	2	30	19
46	1	31	21
47	2	31	19
48	2	32	43
49	5	32	23
50	1	32	24
51	1	32	18
52	2	32	31
53	1	32	25
54	1	32	19
55	1	32	39
56	1	32	40
57	1	32	20
58	1	33	16
59	1	33	18
60	1	34	18
61	1	35	28
62	1	35	23
63	1	36	18
64	2	36	21
65	1	37	24
66	1	38	21
67	1	39	18
68	1	40	18
69	2	41	18
70	1	42	18
71	1	43	18
72	1	44	19
73	1	44	31
74	2	45	21
75	1	45	20
76	1	46	25
77	3	46	35
78	2	47	23
79	2	48	20
80	1	48	23
81	1	49	20
82	2	50	24
83	1	51	20
84	1	52	20
85	1	53	19
\.


--
-- Data for Name: store_payment; Type: TABLE DATA; Schema: public; Owner: postgres
--

COPY public.store_payment (id, amount, status, created_at, user_id) FROM stdin;
\.


--
-- Data for Name: store_product; Type: TABLE DATA; Schema: public; Owner: postgres
--

COPY public.store_product (id, name, price, photo, stock, description, created_at, is_available, category_id) FROM stdin;
16	Double Texas	279.00	product_images/burg2xtexas.JPG	35	Каждый укус — это сочетание сочного мяса, пикантных специй и свежих овощей. Отличный выбор для тех, кто любит насыщенные вкусы! 🍔🔥	2025-05-08 15:03:15.71+02	t	6
17	Burger	200.00	product_images/burger_2.JPG	23	Обычный бургер — это классика, которая никогда не выходит из моды! 🍔	2025-05-08 15:05:07.363+02	f	6
19	Double Burger Hot	350.00	product_images/burger2x.JPG	333	Mos Burger 2X- Этот бургер предлагает насыщенный вкус с пикантными нотками, идеально подходящий для любителей острого! 🔥🍔	2025-05-08 15:08:47.078+02	t	6
20	Chiken Burger	230.00	product_images/burgerchiken.PNG	222	Чикенбургер — это вкусный и сочный бургер, где главную роль играет хрустящая куриная котлета. 🍔	2025-05-08 15:09:43.696+02	t	6
21	chiskeyk	150.00	product_images/chiskek.JPG	111	Чизкейк — это нежный и сливочный десерт, который сочетает в себе сырную начинку и песочную основу. 🍰	2025-05-08 15:11:34.516+02	t	8
22	Chokocreame	70.00	product_images/desert1.JPG	111	это нежный и насыщенный десерт,	2025-05-08 15:12:49.311+02	f	8
23	Clubnichniy	89.00	product_images/desert2.JPG	111	Клубничный торт — это нежный и ароматный десерт, который сочетает свежую клубнику, воздушные коржи и кремовую начинку. 🍓🎂	2025-05-08 15:13:45.066+02	t	8
24	Mix Desert	350.00	product_images/desertmix.JPG	111	Микс-десерт — это сочетание различных вкусов и текстур в одном блюде! 🍰🍫🍓 Он может включать фрукты, шоколад, сливки, мороженое, орехи и даже карамель.	2025-05-08 15:15:31.81+02	t	8
25	Coca-Cola 0.33	45.00	product_images/colajb25.JPG	111	Кока-Кола JB 0.33	2025-05-08 15:17:22.45+02	t	5
27	Coca-Cola 0.2	35.00	product_images/colasklo33.JPG	111	Кока-Кола shisha	2025-05-08 15:18:26.799+02	t	5
28	Fanta 1L	75.00	product_images/fanta.JPG	111	Fanta 1L	2025-05-08 15:19:27.957+02	t	5
29	Yagodniy Mix	120.00	product_images/coct1.JPG	111	это освежающие напитки, в которых используются свежие или замороженные ягоды	2025-05-08 15:21:34.874+02	f	7
30	Moxito	89.00	product_images/moxito.JPG	111	Этот напиток родом с Кубы и стал популярным благодаря своему свежему вкусу и легкой кислинке. Существует множество вариаций:	2025-05-08 15:22:46.931+02	f	7
31	Mix Coctails	200.00	product_images/mixcoct.JPG	111	Черничный микс — черника, йогурт, мед.\r\nМалиновый микс — малина, банан, апельсиновый сок.\r\nКлубничный микс — клубника, молоко, ваниль.	2025-05-08 15:23:38.037+02	t	7
32	Pina Calado	89.00	product_images/pinacol.JPG	111	Смузи — это густой напиток, приготовленный путем смешивания свежих или замороженных фруктов с жидкой основой, такой как молоко, йогурт или сок.	2025-05-08 15:24:37.74+02	t	7
33	Mix Shashlik	590.00	product_images/shash_mix.JPG	111	🍢🔥 В микс-порции можно сочетать разные виды мяса и овощей. Вот несколько вариантов:\r\nТакой микс-порция позволит насладиться разными вкусами и текстурами. Какой вариант тебе нравится больше? 😃🔥	2025-05-08 15:26:47.86+02	t	9
34	shashlik baranina	180.00	product_images/shash.JPG	111	Шашлык из баранины — ароматное мясо, маринованное	2025-05-08 15:31:15.655+02	t	9
35	Kebab Lula	160.00	product_images/shash2.JPG	111	Uzimizni Ijjon Shoshlik	2025-05-08 15:32:04.423+02	t	9
36	Chiken shashlik	150.00	product_images/shashkur.JPG	111	Шашлык из курицы — нежное мясо, маринованное в йогурте, специях и лимонном соке.	2025-05-08 15:32:46.75+02	t	9
37	Lula Kebab	200.00	product_images/lula1.JPG	111	Lula kebab, Adana kebab,	2025-05-08 15:33:50.955+02	f	9
41	Shaurma Beef	4500.00	product_images/shaurmaobich.JPG	111	Shaurma standart Beef	2025-05-08 15:38:13.378+02	f	10
40	Shautma Suluguni	3500.00	product_images/shaurma4.JPG	111	Classik shaurma + Sir suluguni	2025-05-08 15:37:30.206+02	t	10
39	shaurma Dietichni	2500.00	product_images/shaurma2.JPG	111	Veganski, Falafel Lavashda	2025-05-08 15:36:12.865+02	t	10
38	Shaurma chicken	4000.00	product_images/shaurma1.JPG	111	Shaurma Oddiy, Chiken	2025-05-08 15:35:12.724+02	f	10
43	hhh	7700.00		21	hikjnkjnjkj	2026-01-14 19:32:20.878946+01	t	10
18	Burger Hot	25000.00	product_images/burger1.JPG	2323	Moshiy Burger — это уникальный бургер с насыщенным вкусом! 🍔	2025-05-08 15:06:53.161+02	t	6
\.


--
-- Data for Name: store_product_images; Type: TABLE DATA; Schema: public; Owner: postgres
--

COPY public.store_product_images (id, product_id, productimage_id) FROM stdin;
\.


--
-- Data for Name: store_productimage; Type: TABLE DATA; Schema: public; Owner: postgres
--

COPY public.store_productimage (id, image, product_id) FROM stdin;
\.


--
-- Name: auth_group_id_seq; Type: SEQUENCE SET; Schema: public; Owner: postgres
--

SELECT pg_catalog.setval('public.auth_group_id_seq', 1, false);


--
-- Name: auth_group_permissions_id_seq; Type: SEQUENCE SET; Schema: public; Owner: postgres
--

SELECT pg_catalog.setval('public.auth_group_permissions_id_seq', 1, false);


--
-- Name: auth_permission_id_seq; Type: SEQUENCE SET; Schema: public; Owner: postgres
--

SELECT pg_catalog.setval('public.auth_permission_id_seq', 56, true);


--
-- Name: auth_user_groups_id_seq; Type: SEQUENCE SET; Schema: public; Owner: postgres
--

SELECT pg_catalog.setval('public.auth_user_groups_id_seq', 1, false);


--
-- Name: auth_user_id_seq; Type: SEQUENCE SET; Schema: public; Owner: postgres
--

SELECT pg_catalog.setval('public.auth_user_id_seq', 2, true);


--
-- Name: auth_user_user_permissions_id_seq; Type: SEQUENCE SET; Schema: public; Owner: postgres
--

SELECT pg_catalog.setval('public.auth_user_user_permissions_id_seq', 1, false);


--
-- Name: django_admin_log_id_seq; Type: SEQUENCE SET; Schema: public; Owner: postgres
--

SELECT pg_catalog.setval('public.django_admin_log_id_seq', 16, true);


--
-- Name: django_content_type_id_seq; Type: SEQUENCE SET; Schema: public; Owner: postgres
--

SELECT pg_catalog.setval('public.django_content_type_id_seq', 14, true);


--
-- Name: django_migrations_id_seq; Type: SEQUENCE SET; Schema: public; Owner: postgres
--

SELECT pg_catalog.setval('public.django_migrations_id_seq', 21, true);


--
-- Name: store_cart_id_seq; Type: SEQUENCE SET; Schema: public; Owner: postgres
--

SELECT pg_catalog.setval('public.store_cart_id_seq', 64, true);


--
-- Name: store_cartitem_id_seq; Type: SEQUENCE SET; Schema: public; Owner: postgres
--

SELECT pg_catalog.setval('public.store_cartitem_id_seq', 123, true);


--
-- Name: store_category_id_seq; Type: SEQUENCE SET; Schema: public; Owner: postgres
--

SELECT pg_catalog.setval('public.store_category_id_seq', 10, true);


--
-- Name: store_order_id_seq; Type: SEQUENCE SET; Schema: public; Owner: postgres
--

SELECT pg_catalog.setval('public.store_order_id_seq', 53, true);


--
-- Name: store_orderitem_id_seq; Type: SEQUENCE SET; Schema: public; Owner: postgres
--

SELECT pg_catalog.setval('public.store_orderitem_id_seq', 85, true);


--
-- Name: store_payment_id_seq; Type: SEQUENCE SET; Schema: public; Owner: postgres
--

SELECT pg_catalog.setval('public.store_payment_id_seq', 1, false);


--
-- Name: store_product_id_seq; Type: SEQUENCE SET; Schema: public; Owner: postgres
--

SELECT pg_catalog.setval('public.store_product_id_seq', 43, true);


--
-- Name: store_product_images_id_seq; Type: SEQUENCE SET; Schema: public; Owner: postgres
--

SELECT pg_catalog.setval('public.store_product_images_id_seq', 1, false);


--
-- Name: store_productimage_id_seq; Type: SEQUENCE SET; Schema: public; Owner: postgres
--

SELECT pg_catalog.setval('public.store_productimage_id_seq', 1, false);


--
-- Name: auth_group auth_group_name_key; Type: CONSTRAINT; Schema: public; Owner: postgres
--

ALTER TABLE ONLY public.auth_group
    ADD CONSTRAINT auth_group_name_key UNIQUE (name);


--
-- Name: auth_group_permissions auth_group_permissions_group_id_permission_id_0cd325b0_uniq; Type: CONSTRAINT; Schema: public; Owner: postgres
--

ALTER TABLE ONLY public.auth_group_permissions
    ADD CONSTRAINT auth_group_permissions_group_id_permission_id_0cd325b0_uniq UNIQUE (group_id, permission_id);


--
-- Name: auth_group_permissions auth_group_permissions_pkey; Type: CONSTRAINT; Schema: public; Owner: postgres
--

ALTER TABLE ONLY public.auth_group_permissions
    ADD CONSTRAINT auth_group_permissions_pkey PRIMARY KEY (id);


--
-- Name: auth_group auth_group_pkey; Type: CONSTRAINT; Schema: public; Owner: postgres
--

ALTER TABLE ONLY public.auth_group
    ADD CONSTRAINT auth_group_pkey PRIMARY KEY (id);


--
-- Name: auth_permission auth_permission_content_type_id_codename_01ab375a_uniq; Type: CONSTRAINT; Schema: public; Owner: postgres
--

ALTER TABLE ONLY public.auth_permission
    ADD CONSTRAINT auth_permission_content_type_id_codename_01ab375a_uniq UNIQUE (content_type_id, codename);


--
-- Name: auth_permission auth_permission_pkey; Type: CONSTRAINT; Schema: public; Owner: postgres
--

ALTER TABLE ONLY public.auth_permission
    ADD CONSTRAINT auth_permission_pkey PRIMARY KEY (id);


--
-- Name: auth_user_groups auth_user_groups_pkey; Type: CONSTRAINT; Schema: public; Owner: postgres
--

ALTER TABLE ONLY public.auth_user_groups
    ADD CONSTRAINT auth_user_groups_pkey PRIMARY KEY (id);


--
-- Name: auth_user_groups auth_user_groups_user_id_group_id_94350c0c_uniq; Type: CONSTRAINT; Schema: public; Owner: postgres
--

ALTER TABLE ONLY public.auth_user_groups
    ADD CONSTRAINT auth_user_groups_user_id_group_id_94350c0c_uniq UNIQUE (user_id, group_id);


--
-- Name: auth_user auth_user_pkey; Type: CONSTRAINT; Schema: public; Owner: postgres
--

ALTER TABLE ONLY public.auth_user
    ADD CONSTRAINT auth_user_pkey PRIMARY KEY (id);


--
-- Name: auth_user_user_permissions auth_user_user_permissions_pkey; Type: CONSTRAINT; Schema: public; Owner: postgres
--

ALTER TABLE ONLY public.auth_user_user_permissions
    ADD CONSTRAINT auth_user_user_permissions_pkey PRIMARY KEY (id);


--
-- Name: auth_user_user_permissions auth_user_user_permissions_user_id_permission_id_14a6b632_uniq; Type: CONSTRAINT; Schema: public; Owner: postgres
--

ALTER TABLE ONLY public.auth_user_user_permissions
    ADD CONSTRAINT auth_user_user_permissions_user_id_permission_id_14a6b632_uniq UNIQUE (user_id, permission_id);


--
-- Name: auth_user auth_user_username_key; Type: CONSTRAINT; Schema: public; Owner: postgres
--

ALTER TABLE ONLY public.auth_user
    ADD CONSTRAINT auth_user_username_key UNIQUE (username);


--
-- Name: django_admin_log django_admin_log_pkey; Type: CONSTRAINT; Schema: public; Owner: postgres
--

ALTER TABLE ONLY public.django_admin_log
    ADD CONSTRAINT django_admin_log_pkey PRIMARY KEY (id);


--
-- Name: django_content_type django_content_type_app_label_model_76bd3d3b_uniq; Type: CONSTRAINT; Schema: public; Owner: postgres
--

ALTER TABLE ONLY public.django_content_type
    ADD CONSTRAINT django_content_type_app_label_model_76bd3d3b_uniq UNIQUE (app_label, model);


--
-- Name: django_content_type django_content_type_pkey; Type: CONSTRAINT; Schema: public; Owner: postgres
--

ALTER TABLE ONLY public.django_content_type
    ADD CONSTRAINT django_content_type_pkey PRIMARY KEY (id);


--
-- Name: django_migrations django_migrations_pkey; Type: CONSTRAINT; Schema: public; Owner: postgres
--

ALTER TABLE ONLY public.django_migrations
    ADD CONSTRAINT django_migrations_pkey PRIMARY KEY (id);


--
-- Name: django_session django_session_pkey; Type: CONSTRAINT; Schema: public; Owner: postgres
--

ALTER TABLE ONLY public.django_session
    ADD CONSTRAINT django_session_pkey PRIMARY KEY (session_key);


--
-- Name: store_cart store_cart_pkey; Type: CONSTRAINT; Schema: public; Owner: postgres
--

ALTER TABLE ONLY public.store_cart
    ADD CONSTRAINT store_cart_pkey PRIMARY KEY (id);


--
-- Name: store_cart store_cart_user_id_key; Type: CONSTRAINT; Schema: public; Owner: postgres
--

ALTER TABLE ONLY public.store_cart
    ADD CONSTRAINT store_cart_user_id_key UNIQUE (user_id);


--
-- Name: store_cartitem store_cartitem_pkey; Type: CONSTRAINT; Schema: public; Owner: postgres
--

ALTER TABLE ONLY public.store_cartitem
    ADD CONSTRAINT store_cartitem_pkey PRIMARY KEY (id);


--
-- Name: store_category store_category_pkey; Type: CONSTRAINT; Schema: public; Owner: postgres
--

ALTER TABLE ONLY public.store_category
    ADD CONSTRAINT store_category_pkey PRIMARY KEY (id);


--
-- Name: store_order store_order_pkey; Type: CONSTRAINT; Schema: public; Owner: postgres
--

ALTER TABLE ONLY public.store_order
    ADD CONSTRAINT store_order_pkey PRIMARY KEY (id);


--
-- Name: store_orderitem store_orderitem_pkey; Type: CONSTRAINT; Schema: public; Owner: postgres
--

ALTER TABLE ONLY public.store_orderitem
    ADD CONSTRAINT store_orderitem_pkey PRIMARY KEY (id);


--
-- Name: store_payment store_payment_pkey; Type: CONSTRAINT; Schema: public; Owner: postgres
--

ALTER TABLE ONLY public.store_payment
    ADD CONSTRAINT store_payment_pkey PRIMARY KEY (id);


--
-- Name: store_product_images store_product_images_pkey; Type: CONSTRAINT; Schema: public; Owner: postgres
--

ALTER TABLE ONLY public.store_product_images
    ADD CONSTRAINT store_product_images_pkey PRIMARY KEY (id);


--
-- Name: store_product_images store_product_images_product_id_productimage_id_d683c747_uniq; Type: CONSTRAINT; Schema: public; Owner: postgres
--

ALTER TABLE ONLY public.store_product_images
    ADD CONSTRAINT store_product_images_product_id_productimage_id_d683c747_uniq UNIQUE (product_id, productimage_id);


--
-- Name: store_product store_product_pkey; Type: CONSTRAINT; Schema: public; Owner: postgres
--

ALTER TABLE ONLY public.store_product
    ADD CONSTRAINT store_product_pkey PRIMARY KEY (id);


--
-- Name: store_productimage store_productimage_pkey; Type: CONSTRAINT; Schema: public; Owner: postgres
--

ALTER TABLE ONLY public.store_productimage
    ADD CONSTRAINT store_productimage_pkey PRIMARY KEY (id);


--
-- Name: auth_group_name_a6ea08ec_like; Type: INDEX; Schema: public; Owner: postgres
--

CREATE INDEX auth_group_name_a6ea08ec_like ON public.auth_group USING btree (name varchar_pattern_ops);


--
-- Name: auth_group_permissions_group_id_b120cbf9; Type: INDEX; Schema: public; Owner: postgres
--

CREATE INDEX auth_group_permissions_group_id_b120cbf9 ON public.auth_group_permissions USING btree (group_id);


--
-- Name: auth_group_permissions_permission_id_84c5c92e; Type: INDEX; Schema: public; Owner: postgres
--

CREATE INDEX auth_group_permissions_permission_id_84c5c92e ON public.auth_group_permissions USING btree (permission_id);


--
-- Name: auth_permission_content_type_id_2f476e4b; Type: INDEX; Schema: public; Owner: postgres
--

CREATE INDEX auth_permission_content_type_id_2f476e4b ON public.auth_permission USING btree (content_type_id);


--
-- Name: auth_user_groups_group_id_97559544; Type: INDEX; Schema: public; Owner: postgres
--

CREATE INDEX auth_user_groups_group_id_97559544 ON public.auth_user_groups USING btree (group_id);


--
-- Name: auth_user_groups_user_id_6a12ed8b; Type: INDEX; Schema: public; Owner: postgres
--

CREATE INDEX auth_user_groups_user_id_6a12ed8b ON public.auth_user_groups USING btree (user_id);


--
-- Name: auth_user_user_permissions_permission_id_1fbb5f2c; Type: INDEX; Schema: public; Owner: postgres
--

CREATE INDEX auth_user_user_permissions_permission_id_1fbb5f2c ON public.auth_user_user_permissions USING btree (permission_id);


--
-- Name: auth_user_user_permissions_user_id_a95ead1b; Type: INDEX; Schema: public; Owner: postgres
--

CREATE INDEX auth_user_user_permissions_user_id_a95ead1b ON public.auth_user_user_permissions USING btree (user_id);


--
-- Name: auth_user_username_6821ab7c_like; Type: INDEX; Schema: public; Owner: postgres
--

CREATE INDEX auth_user_username_6821ab7c_like ON public.auth_user USING btree (username varchar_pattern_ops);


--
-- Name: django_admin_log_content_type_id_c4bce8eb; Type: INDEX; Schema: public; Owner: postgres
--

CREATE INDEX django_admin_log_content_type_id_c4bce8eb ON public.django_admin_log USING btree (content_type_id);


--
-- Name: django_admin_log_user_id_c564eba6; Type: INDEX; Schema: public; Owner: postgres
--

CREATE INDEX django_admin_log_user_id_c564eba6 ON public.django_admin_log USING btree (user_id);


--
-- Name: django_session_expire_date_a5c62663; Type: INDEX; Schema: public; Owner: postgres
--

CREATE INDEX django_session_expire_date_a5c62663 ON public.django_session USING btree (expire_date);


--
-- Name: django_session_session_key_c0390e0f_like; Type: INDEX; Schema: public; Owner: postgres
--

CREATE INDEX django_session_session_key_c0390e0f_like ON public.django_session USING btree (session_key varchar_pattern_ops);


--
-- Name: store_cartitem_cart_id_4f60ac05; Type: INDEX; Schema: public; Owner: postgres
--

CREATE INDEX store_cartitem_cart_id_4f60ac05 ON public.store_cartitem USING btree (cart_id);


--
-- Name: store_cartitem_product_id_4238d443; Type: INDEX; Schema: public; Owner: postgres
--

CREATE INDEX store_cartitem_product_id_4238d443 ON public.store_cartitem USING btree (product_id);


--
-- Name: store_order_user_id_ae5f7a5f; Type: INDEX; Schema: public; Owner: postgres
--

CREATE INDEX store_order_user_id_ae5f7a5f ON public.store_order USING btree (user_id);


--
-- Name: store_orderitem_order_id_acf8722d; Type: INDEX; Schema: public; Owner: postgres
--

CREATE INDEX store_orderitem_order_id_acf8722d ON public.store_orderitem USING btree (order_id);


--
-- Name: store_orderitem_product_id_f2b098d4; Type: INDEX; Schema: public; Owner: postgres
--

CREATE INDEX store_orderitem_product_id_f2b098d4 ON public.store_orderitem USING btree (product_id);


--
-- Name: store_payment_user_id_5edbc869; Type: INDEX; Schema: public; Owner: postgres
--

CREATE INDEX store_payment_user_id_5edbc869 ON public.store_payment USING btree (user_id);


--
-- Name: store_product_category_id_574bae65; Type: INDEX; Schema: public; Owner: postgres
--

CREATE INDEX store_product_category_id_574bae65 ON public.store_product USING btree (category_id);


--
-- Name: store_product_images_product_id_3cbe6160; Type: INDEX; Schema: public; Owner: postgres
--

CREATE INDEX store_product_images_product_id_3cbe6160 ON public.store_product_images USING btree (product_id);


--
-- Name: store_product_images_productimage_id_0f4efa4d; Type: INDEX; Schema: public; Owner: postgres
--

CREATE INDEX store_product_images_productimage_id_0f4efa4d ON public.store_product_images USING btree (productimage_id);


--
-- Name: store_productimage_product_id_e50e4046; Type: INDEX; Schema: public; Owner: postgres
--

CREATE INDEX store_productimage_product_id_e50e4046 ON public.store_productimage USING btree (product_id);


--
-- Name: auth_group_permissions auth_group_permissio_permission_id_84c5c92e_fk_auth_perm; Type: FK CONSTRAINT; Schema: public; Owner: postgres
--

ALTER TABLE ONLY public.auth_group_permissions
    ADD CONSTRAINT auth_group_permissio_permission_id_84c5c92e_fk_auth_perm FOREIGN KEY (permission_id) REFERENCES public.auth_permission(id) DEFERRABLE INITIALLY DEFERRED;


--
-- Name: auth_group_permissions auth_group_permissions_group_id_b120cbf9_fk_auth_group_id; Type: FK CONSTRAINT; Schema: public; Owner: postgres
--

ALTER TABLE ONLY public.auth_group_permissions
    ADD CONSTRAINT auth_group_permissions_group_id_b120cbf9_fk_auth_group_id FOREIGN KEY (group_id) REFERENCES public.auth_group(id) DEFERRABLE INITIALLY DEFERRED;


--
-- Name: auth_permission auth_permission_content_type_id_2f476e4b_fk_django_co; Type: FK CONSTRAINT; Schema: public; Owner: postgres
--

ALTER TABLE ONLY public.auth_permission
    ADD CONSTRAINT auth_permission_content_type_id_2f476e4b_fk_django_co FOREIGN KEY (content_type_id) REFERENCES public.django_content_type(id) DEFERRABLE INITIALLY DEFERRED;


--
-- Name: auth_user_groups auth_user_groups_group_id_97559544_fk_auth_group_id; Type: FK CONSTRAINT; Schema: public; Owner: postgres
--

ALTER TABLE ONLY public.auth_user_groups
    ADD CONSTRAINT auth_user_groups_group_id_97559544_fk_auth_group_id FOREIGN KEY (group_id) REFERENCES public.auth_group(id) DEFERRABLE INITIALLY DEFERRED;


--
-- Name: auth_user_groups auth_user_groups_user_id_6a12ed8b_fk_auth_user_id; Type: FK CONSTRAINT; Schema: public; Owner: postgres
--

ALTER TABLE ONLY public.auth_user_groups
    ADD CONSTRAINT auth_user_groups_user_id_6a12ed8b_fk_auth_user_id FOREIGN KEY (user_id) REFERENCES public.auth_user(id) DEFERRABLE INITIALLY DEFERRED;


--
-- Name: auth_user_user_permissions auth_user_user_permi_permission_id_1fbb5f2c_fk_auth_perm; Type: FK CONSTRAINT; Schema: public; Owner: postgres
--

ALTER TABLE ONLY public.auth_user_user_permissions
    ADD CONSTRAINT auth_user_user_permi_permission_id_1fbb5f2c_fk_auth_perm FOREIGN KEY (permission_id) REFERENCES public.auth_permission(id) DEFERRABLE INITIALLY DEFERRED;


--
-- Name: auth_user_user_permissions auth_user_user_permissions_user_id_a95ead1b_fk_auth_user_id; Type: FK CONSTRAINT; Schema: public; Owner: postgres
--

ALTER TABLE ONLY public.auth_user_user_permissions
    ADD CONSTRAINT auth_user_user_permissions_user_id_a95ead1b_fk_auth_user_id FOREIGN KEY (user_id) REFERENCES public.auth_user(id) DEFERRABLE INITIALLY DEFERRED;


--
-- Name: django_admin_log django_admin_log_content_type_id_c4bce8eb_fk_django_co; Type: FK CONSTRAINT; Schema: public; Owner: postgres
--

ALTER TABLE ONLY public.django_admin_log
    ADD CONSTRAINT django_admin_log_content_type_id_c4bce8eb_fk_django_co FOREIGN KEY (content_type_id) REFERENCES public.django_content_type(id) DEFERRABLE INITIALLY DEFERRED;


--
-- Name: django_admin_log django_admin_log_user_id_c564eba6_fk_auth_user_id; Type: FK CONSTRAINT; Schema: public; Owner: postgres
--

ALTER TABLE ONLY public.django_admin_log
    ADD CONSTRAINT django_admin_log_user_id_c564eba6_fk_auth_user_id FOREIGN KEY (user_id) REFERENCES public.auth_user(id) DEFERRABLE INITIALLY DEFERRED;


--
-- Name: store_cart store_cart_user_id_99e99107_fk_auth_user_id; Type: FK CONSTRAINT; Schema: public; Owner: postgres
--

ALTER TABLE ONLY public.store_cart
    ADD CONSTRAINT store_cart_user_id_99e99107_fk_auth_user_id FOREIGN KEY (user_id) REFERENCES public.auth_user(id) DEFERRABLE INITIALLY DEFERRED;


--
-- Name: store_cartitem store_cartitem_cart_id_4f60ac05_fk_store_cart_id; Type: FK CONSTRAINT; Schema: public; Owner: postgres
--

ALTER TABLE ONLY public.store_cartitem
    ADD CONSTRAINT store_cartitem_cart_id_4f60ac05_fk_store_cart_id FOREIGN KEY (cart_id) REFERENCES public.store_cart(id) DEFERRABLE INITIALLY DEFERRED;


--
-- Name: store_cartitem store_cartitem_product_id_4238d443_fk_store_product_id; Type: FK CONSTRAINT; Schema: public; Owner: postgres
--

ALTER TABLE ONLY public.store_cartitem
    ADD CONSTRAINT store_cartitem_product_id_4238d443_fk_store_product_id FOREIGN KEY (product_id) REFERENCES public.store_product(id) DEFERRABLE INITIALLY DEFERRED;


--
-- Name: store_order store_order_user_id_ae5f7a5f_fk_auth_user_id; Type: FK CONSTRAINT; Schema: public; Owner: postgres
--

ALTER TABLE ONLY public.store_order
    ADD CONSTRAINT store_order_user_id_ae5f7a5f_fk_auth_user_id FOREIGN KEY (user_id) REFERENCES public.auth_user(id) DEFERRABLE INITIALLY DEFERRED;


--
-- Name: store_orderitem store_orderitem_order_id_acf8722d_fk_store_order_id; Type: FK CONSTRAINT; Schema: public; Owner: postgres
--

ALTER TABLE ONLY public.store_orderitem
    ADD CONSTRAINT store_orderitem_order_id_acf8722d_fk_store_order_id FOREIGN KEY (order_id) REFERENCES public.store_order(id) DEFERRABLE INITIALLY DEFERRED;


--
-- Name: store_orderitem store_orderitem_product_id_f2b098d4_fk_store_product_id; Type: FK CONSTRAINT; Schema: public; Owner: postgres
--

ALTER TABLE ONLY public.store_orderitem
    ADD CONSTRAINT store_orderitem_product_id_f2b098d4_fk_store_product_id FOREIGN KEY (product_id) REFERENCES public.store_product(id) DEFERRABLE INITIALLY DEFERRED;


--
-- Name: store_payment store_payment_user_id_5edbc869_fk_auth_user_id; Type: FK CONSTRAINT; Schema: public; Owner: postgres
--

ALTER TABLE ONLY public.store_payment
    ADD CONSTRAINT store_payment_user_id_5edbc869_fk_auth_user_id FOREIGN KEY (user_id) REFERENCES public.auth_user(id) DEFERRABLE INITIALLY DEFERRED;


--
-- Name: store_product store_product_category_id_574bae65_fk_store_category_id; Type: FK CONSTRAINT; Schema: public; Owner: postgres
--

ALTER TABLE ONLY public.store_product
    ADD CONSTRAINT store_product_category_id_574bae65_fk_store_category_id FOREIGN KEY (category_id) REFERENCES public.store_category(id) DEFERRABLE INITIALLY DEFERRED;


--
-- Name: store_product_images store_product_images_product_id_3cbe6160_fk_store_product_id; Type: FK CONSTRAINT; Schema: public; Owner: postgres
--

ALTER TABLE ONLY public.store_product_images
    ADD CONSTRAINT store_product_images_product_id_3cbe6160_fk_store_product_id FOREIGN KEY (product_id) REFERENCES public.store_product(id) DEFERRABLE INITIALLY DEFERRED;


--
-- Name: store_product_images store_product_images_productimage_id_0f4efa4d_fk_store_pro; Type: FK CONSTRAINT; Schema: public; Owner: postgres
--

ALTER TABLE ONLY public.store_product_images
    ADD CONSTRAINT store_product_images_productimage_id_0f4efa4d_fk_store_pro FOREIGN KEY (productimage_id) REFERENCES public.store_productimage(id) DEFERRABLE INITIALLY DEFERRED;


--
-- Name: store_productimage store_productimage_product_id_e50e4046_fk_store_product_id; Type: FK CONSTRAINT; Schema: public; Owner: postgres
--

ALTER TABLE ONLY public.store_productimage
    ADD CONSTRAINT store_productimage_product_id_e50e4046_fk_store_product_id FOREIGN KEY (product_id) REFERENCES public.store_product(id) DEFERRABLE INITIALLY DEFERRED;


--
-- PostgreSQL database dump complete
--

